_id,Title,Description,Application_Number,Reference_Number,Inventor_List.0,Inventor_List.1,Inventor_List.2,Inventor_List.3,Faculty_List.0,Center_Name,Published_Date,FilledInCountry,PatentStatusComment,FullFilingDate,YearOfProvisionalFiling,Status,NumberOfStudentInventors,IDFSubmissionDate,IDFSerachReportDate,ProvisionalFilingDate,YearOfFullFiling,Comments,Patent_Number,Funding,Faculty_List.1,YearOfGrant,Inventor_List.4,Inventor_List.5,Inventor_List.6,FirstDraft,ApprovalDateforApplication,TotalCost,ProvisionalCompleteDraftdate,URL,Faculty_List.2,Faculty_List,Publication_Number,CollaboratorsEmailId,__v
64e2f17de93348920040e136,System and method for lip syncing to a target speech using a machine learning model,No Description,US - 17567120,MY269045,Prof. C. V. Jawahar,K R Prajwal,Rudrabha Mukhopadhyay,Prof. Vinay Namboodiri,Prof. C.V.Jawahar,6492c0f1e3ed360aa63c3f4d,2022-07-07T21:11:45.368Z,US,"Provisional filed on 2nd Jan 2021. US full filing on 1st Jan 22
Published on 07-07-2022",Sun Jan 02 2022 02:41:45 GMT+0530 (India Standard Time),2022,649c1d4c540ac7d09ed68ae3,2,Wed Sep 09 2020 02:41:45 GMT+0530 (India Standard Time),Sun Sep 20 2020 02:41:45 GMT+0530 (India Standard Time),,,,,,,,,,,,,,,,,,,,
64e2f17de93348920040e137,System and method for proven secret key agreement between initiating system and responding system,No Description,Indian 202141008606,MY269053,Prof. Kannan Srinathan,,,,Prof. Srinathan,6492c9d2fb92b00e762615ce,2022-07-08T21:11:45.368Z,India and PCT,"Provisional field on 1 3 2021
PCT no.  PCT/IN2022/050176 and full India filed on 1 3 22
FORM 9 & 18 Early publication filed on 6 July 22
Published on 8 July 2022
Received FER on 30-Nov-22. Filed response on 29-5 2023",Mon Mar 02 2020 02:41:45 GMT+0530 (India Standard Time),2021,64e9c226c6a953392b0fc4f1,,,,Mon Mar 02 2020 02:41:45 GMT+0530 (India Standard Time),2022,not in catalogue,,,,,,,,,,,,,,,,,
64e2f17de93348920040e138,System and method of generating scribble based interactive image segmentation using machine learning model,No Description,"202141008605
US 17684242",MY269050,"Prof. C. V. Jawahar, Bhavani Sambaturu, Ashutosh Gupta, Prof. Chetan Arora",,,,Prof. C.V. Jawahar,6492c0f1e3ed360aa63c3f4d,2022-09-13T21:11:45.368Z,US,649c1d4c540ac7d09ed68ae3,Mon Mar 02 2020 02:41:45 GMT+0530 (India Standard Time),2022,64e9c25dc6a953392b0fc4f7,0,,,,,USPTO portal. You can view the status of your application in the following link: https://appft.uspto.gov/netacgi/nph-Parser?,,,,,,,,,,,,,,,,,
64e2f17de93348920040e139,"Gripper device for grasping, placing and throwing objects of different geometry and weight",No Description,Indian 202241020271,MY269070,Prof. Nagamanikandan Govindan,Bharadhwaj Ramachandran,,,"Prof. Nagamanikandan Govindan
",6492c549fb92b00e7626159d,2022-07-08T21:11:45.368Z,India,"FORM 9 & 18 Early publication filed on 6 July 22
Published on 08-July-2022

Received FER on 22022-12-09T21:11:45.368Z
Filed FER response on 18-4-23",Tue Apr 05 2022 02:41:45 GMT+0530 (India Standard Time),,649c1d4c540ac7d09ed68ae3,1,Thu Oct 07 2021 02:41:45 GMT+0530 (India Standard Time),Thu Oct 14 2021 02:41:45 GMT+0530 (India Standard Time),,2022,NOt in catalogue,,,,,,,,,,,,,,,,,
64e2f17de93348920040e13a,"A trapeziodal rider-vehicle representation and curriculum learning for two-wheeler traffic violation detection from mobile platforms
",No Description,US 18131765,MY269079,Prof. Ravi Kiran Sarvadevabhatla,Rohit Saluja,Dev Agarwal,Aman Goyal,"Prof. Ravi Kiran Sarvadevabhatla
",6492c0f1e3ed360aa63c3f4d,,US,"Foreign Filing Permission filed for direct US full filing on 24 6 22
FFP granted on 22-July-22",Fri Apr 07 2023 02:41:45 GMT+0530 (India Standard Time),2023,649c1d0b540ac7d09ed68adb,2,Sun Feb 20 2022 02:41:45 GMT+0530 (India Standard Time),,,,not in catalogue,,,,,,,,,,,,,,,,,
64e2f17de93348920040e13b,"An anti-unmanned aerial vehicle for detecting and neutralizing rogue drone non-destructively in mid-air
",No Description,Indian 202141016694,MY269054,Prof. Madhava Krishna,Prof. Spandan Roy,B. Suraj,,Prof. Spandan Roy,6492c549fb92b00e7626159d,2022-05-20T21:11:45.368Z,India,Filed in 2021  Published on 20-5-2022  FER received on 28-Nov-22. Filed response on 28 5 2023,Sat Apr 09 2022 02:41:45 GMT+0530 (India Standard Time),2022,649c1d4c540ac7d09ed68ae3,0,,,,,"Next Action: We have to file a complete patent application with supportive data and requirements with the patent office before 09-October-2021 (internal due).

Actual due: 09 4 2022",,,Prof. Madhav Krishna,0,,,,,,,,,,,,,
64e2f17de93348920040e13c,System and method for digitizing in an analog water meter using machine learning,No Description,Indian 202141021341,MY269055,Prof. Sachin Chaudhari,Ayush Dwivedi,Rishikesh Bose,Nilesh Bawankar,Prof. Sachin Chaudhari,6492c94efb92b00e762615ca,2022-03-18T21:11:45.368Z,India,"Provisional was filed on 11-5-2021
Complete Indian filed on 8th January 2022
Early publication Form-9 filed on 11 3 22
Filed request for an examination (Form 18) with IPO to examine the patent application on 28-3-22

Published on 18 3 2022

FER received on 17 Aug 22. To file before 16 Feb 23

Filed FER reponse on 13-Feb-23",Sun Jan 09 2022 02:41:45 GMT+0530 (India Standard Time),2022,64e9c226c6a953392b0fc4f1,5,,,,,,,,,,Ayush Kumar Lall,Ansh Khandelwal,Nitin Nilesh,,,,,,,,,,
64e2f17de93348920040e13d,Re-configurable unmanned aerial vehicle,No Description,Indian 202041024431,MY269038,Prof. Madhava Krishna,Prof.Spandan Roy,Prof.Spandan Roy,,Prof. Madhava Krishna,6492c549fb92b00e7626159d,2021-12-17T21:11:45.368Z,India,"Provisional filed on 2020-06-10T21:11:45.368Z. 
Complete Filed on 2021-06-10T21:11:45.368Z
PCT filed on 10 6 21
Early publication Form-9 and request for an examination (Form 18) filed 
Published on 17 Dec 2021
FER received 13-Dec-22 reply before 13 6 23
FER response filed",Fri Jun 11 2021 02:41:45 GMT+0530 (India Standard Time),2020,649c1d0b540ac7d09ed68adb,1,Fri Jan 31 2020 02:41:45 GMT+0530 (India Standard Time),Wed Feb 05 2020 02:41:45 GMT+0530 (India Standard Time),Thu Jun 11 2020 02:41:45 GMT+0530 (India Standard Time),2021,"Next Action:  We have to file the request for an examination (Form 18) with IPO to examine the patent application before 10-6-2022 (internal deadline).

PCT application number is PCT/IN2021/050565
If you would like to file the same application in any foreign country like the US, Uk, EP, etc, you have to file it before 10, 6 2022 (internal deadline).Actual due: 10 Dec 2022

Government Fee Details: International filing fee: 94108 INR and Search fee: 10000 INR",,,Prof.Spandan Roy,,,,,,,,,,,,,,
64e2f17de93348920040e13e,Re-configurable unmanned aerial vehicle,No Description,US 18009716,MY269038,"Prof. Madhava Krishna, Prof.Spandan Roy, Suraj Bonagiri",,,,Prof. Madhava Krishna and Prof.Spandan Roy,6492c549fb92b00e7626159d,2022-12-10T21:11:45.368Z,US,"Provisional filed on 2020-06-10T21:11:45.368Z. 

PCT filed on 10 6 21 PCT/IN2021/050565
Filed on 10 dec 22 US Application No: 18009716",Sun Dec 11 2022 02:41:45 GMT+0530 (India Standard Time),,64e9c226c6a953392b0fc4f1,1,Fri Jan 31 2020 02:41:45 GMT+0530 (India Standard Time),Wed Feb 05 2020 02:41:45 GMT+0530 (India Standard Time),,2022,"Next Action:  We have to file the request for an examination (Form 18) with IPO to examine the patent application before 10-6-2022 (internal deadline).

PCT application number is PCT/IN2021/050565
If you would like to file the same application in any foreign country like the US, Uk, EP, etc, you have to file it before 10, 6 2022 (internal deadline).Actual due: 10 Dec 2022

Government Fee Details: International filing fee: 94108 INR and Search fee: 10000 INR",,,,,,,,,,,,,,,,,
64e2f17de93348920040e13f,System and method for recommending background music for books using machine learning models,No Description,"202141051845
US17985043",MY269065,Prof. Vinoo Alluri,Shivani Hanji,Divy Kala,Nisarg Mankodi,Prof. Vinoo Alluri,6492cb9efb92b00e762615de,2023-05-11T21:11:45.368Z,US,"Provisional filed on 11 Nov 21 202141051845,
US17985043 Filed on 10 Nov 22
Patent published on 2023-05-11T21:11:45.368Z",Fri Nov 11 2022 02:41:45 GMT+0530 (India Standard Time),2021,649c1d4c540ac7d09ed68ae3,4,Sun Jul 25 2021 02:41:45 GMT+0530 (India Standard Time),,Fri Nov 12 2021 02:41:45 GMT+0530 (India Standard Time),2022,,"202141051845
US17985043",,,,Pranshi Yadav,,,,,,,,,,,,
64e2f17de93348920040e140,System and method for automatically generating a sign language video with an input speech using a machine learning model,No Description,"202241013436
US 18/120,374",MY269062,Prof. C.V. Jawahar,Parul Kapoor,Sindhu B Hegde,Rudrabha Mukhopadhyay,Prof. C.V. Jawahar,6492c0f1e3ed360aa63c3f4d,,US,,Mon Mar 02 2020 02:41:45 GMT+0530 (India Standard Time),2022,649c1d0b540ac7d09ed68adb,2,Wed Jun 16 2021 02:41:45 GMT+0530 (India Standard Time),Tue Jun 22 2021 02:41:45 GMT+0530 (India Standard Time),Mon Mar 02 2020 02:41:45 GMT+0530 (India Standard Time),2023,Not in catalogue,,,,,Prof. Vinay Namboodiri,,,Sat Nov 27 2021 02:41:45 GMT+0530 (India Standard Time),,,,,,,,,
64e2f17de93348920040e141,System and method for automatically generating synthetic head videos using a machine learning model,No Description,"202241013438
US 18/120,375",MY269064,Prof. C.V. Jawahar,Sindhu B Hegde,Rudrabha Mukhopadhyay,Prof. Vinay Namboodiri,Prof. C.V. Jawahar,6492c0f1e3ed360aa63c3f4d,,US,,Mon Mar 02 2020 02:41:45 GMT+0530 (India Standard Time),2022,649c1d0b540ac7d09ed68adb,0,Wed Jun 16 2021 02:41:45 GMT+0530 (India Standard Time),Tue Jun 22 2021 02:41:45 GMT+0530 (India Standard Time),Mon Mar 02 2020 02:41:45 GMT+0530 (India Standard Time),2023,not in catalogue,,,,,,,,Thu Sep 02 2021 02:41:45 GMT+0530 (India Standard Time),,,,,,,,,
64e2f17de93348920040e142,System and method for detecting object in an adaptive environment using a machine learning model,No Description,"US 18/197,075",MY269074,Prof. C.V. Jawahar,Vaishnavi Mohan Khindkar,Rohit Saluja,Prof. Chetan Arora IIT-D,Prof. C.V. Jawahar,6492c0f1e3ed360aa63c3f4d,,US,,Mon May 15 2023 02:41:45 GMT+0530 (India Standard Time),2022,649c1d0b540ac7d09ed68adb,1,Wed Nov 24 2021 02:41:45 GMT+0530 (India Standard Time),,Sun May 15 2022 02:41:45 GMT+0530 (India Standard Time),2023,not in catalogue,202241027805,,,,Prof. Vinith N Balasubramanian IIT-H,,,,,,,,,,,,
64e2f17de93348920040e143,System and method for exploring chemicalspace during molecular design using a machine learning model,No Description,US 17526712,MY269044,U. Deva Priyakumar,Sarvesh Mehta,Siddhartha Laghuvarapu,Yashaswi Pathak,Prof. Deva Priyakumar,6492cefed40f728621accb18,2022-05-26T21:11:45.368Z,US,"Search report shared. Review done.
Approved for provisional filing.
Initial draft given for review
Published on 26-5-2022 No. US 2022-0165367 A1",Tue Nov 16 2021 02:41:45 GMT+0530 (India Standard Time),2021,649c1d4c540ac7d09ed68ae3,2,Tue Sep 08 2020 02:41:45 GMT+0530 (India Standard Time),Sun Sep 13 2020 02:41:45 GMT+0530 (India Standard Time),,,Not in catalogue,202041050608,,,,,,,,Sun Sep 20 2020 02:41:45 GMT+0530 (India Standard Time),,,,,,,,
64e2f17de93348920040e144,Air quality monitoring device for monitoring an air quality with less energy consumption,No Description,Indian 202141021963,MY269052,Prof. Sachin Chaudhari,Rajashekar ReddyChinthalapani,Ayu Par3, Ayush Dwivedi,Prof. Sachin Chaudhari,6492c94efb92b00e762615ca,2022-03-18T21:11:45.368Z,India,"Early publication Form-9 filed on 11 3 22
Filed request for an examination (Form 18) with IPO to examine the patent application on 28-3-22

Published on 18 3 2022

FER received on 17 Aug 22. 
FER filed on 12022-12-09T21:11:45.368Z",Sun May 16 2021 02:41:45 GMT+0530 (India Standard Time),2021,649c1d4c540ac7d09ed68ae3,5,,,,,We have to file the request for an examination (Form 18) with IPO to examine the patent application before 15-5-2022,,,,,Niranjan Keesara,Mahesh Murty,,,,,,,,,,,
64e2f17de93348920040e145,System and method for automatically reconstructing 3d model of an object using machine learning model,No Description,US 17528218,MY269039,Prof. Avinash Sharma,Rohan Chacko,Sai Jinka,Teja Dhondu,Prof. Avinash Sharma,6492c0f1e3ed360aa63c3f4d,2022-03-01T21:11:45.368Z,US,"19 5 - approved for filing. 1st July draft shared
17 August - Student to get back with required inputs. On Hold from faculty
Filed
Published on 19 5 22 No.US 2022-0157016 A1",Thu Nov 18 2021 02:41:45 GMT+0530 (India Standard Time),2021,649c1d4c540ac7d09ed68ae3,3,Fri Feb 21 2020 02:41:45 GMT+0530 (India Standard Time),Tue Mar 10 2020 02:41:45 GMT+0530 (India Standard Time),,,,,,,,,,,,Wed May 20 2020 02:41:45 GMT+0530 (India Standard Time),,,,,,,,
64e2f17de93348920040e146,System and apparatus for and methods of control of localized energy use in a building using price set points,No Description,"US15/681,086",MY269003,Prof. Vishal Garg,Niranjan Reddy,Sam Babu Godithi,Richard E Brown,Prof. Vishal Garg,64e9c821c6a953392b0fc607,2018-03-01T21:11:45.368Z,US,"Filed
joint LBNL-IIITH US patent has been granted. The patent no is 10496066 dt. 3 dec, 2019
Published on 02020-03-01T21:11:45.368Z18",Sat Aug 19 2017 02:41:45 GMT+0530 (India Standard Time),,649c1d44540ac7d09ed68adf,2,,,,2017,United States Patent: 10496066 (uspto.gov),US10496066B2,,,2019,Christian Kohler,Reshma Singh,,,,"54,680",,,,,,,
64e2f17de93348920040e147,"On-chip complementary metal-oxide semiconductor (cmos) resistance
amplifier",No Description,Indian 201941029054,MY269028,"Prof. Zia Abbas, Arpan Jain, Ashfakh Ali        ",,,,Prof. Zia Abbas,,2021-03-01T21:11:45.368Z,India,"Complete Filed

Published on 22 January 21

FER response filed on 19-Jan-23",Fri Jul 19 2019 02:41:45 GMT+0530 (India Standard Time),2019,,1,,,,,,,,,,,,,,6th 3 19 for India complete,,Sun Jun 16 2019 02:41:45 GMT+0530 (India Standard Time),,,,,,
64e2f17de93348920040e148,System and method for capturing horizontal disparity stereo panorama,No Description,"US15/627,224",MY269001,Prof. Anoop Namboodiri,Mr. Rajat Agarwal,Amrisha Vohra,,Prof. Anoop Namboodiri,6492c0f1e3ed360aa63c3f4d,2017-03-01T21:11:45.368Z,"US, PCT","Filed
Filed US patent and 
PCT. Published no. - Dec 21, 2017
Publication no. US 20170366800 A1
US granted on 9-Nov-2018
status - all granted",Tue Jun 20 2017 02:41:45 GMT+0530 (India Standard Time),,649c1d44540ac7d09ed68adf,2,,,,2017,"The US patent application titled ""SYSTEM AND METHOD FOR CAPTURING HORIZONTAL DISPARITY STEREO PANORAMA"" has been published in USPTO on 21st dec 2017. Patent application no.is 20170366800. USPTO website link. 
http://appft1.uspto.gov/netacgi/nph-Parser?Sect1=PTO1&Sect2=HITOFF&d=PG01&p=1&u=/netahtml/PTO/srchnum.html&r=1&f=G&l=50&s1=20170366800.PGNR.&OS=DN/20170366800&RS=DN/20170366800

The patent application is now in line for the examination.",US10154249B2,,,2018,,,,,,"166,741 +
142,653 +
10,800 +
23,240",,,,,,,
64e2f17de93348920040e149,System and method of scribble based segmentation model for medical imaging using machine learning,No Description,"202141002488
US- 17579435",MY269046,Prof. C. V. Jawahar,Bhavani Sambaturu,Ashutosh Gupta,Prof. Chetan Arora,Prof. C.V.Jawahar,6492c0f1e3ed360aa63c3f4d,2022-07-21T21:11:45.368Z,US,"Provisional filed on 19-January 2021
US filed on 2022-01-19T21:11:45.368Z
published on 21-07- 22",Thu Jan 20 2022 02:41:45 GMT+0530 (India Standard Time),2022,649c1d4c540ac7d09ed68ae3,1,Thu Sep 17 2020 02:41:45 GMT+0530 (India Standard Time),Thu Sep 24 2020 02:41:45 GMT+0530 (India Standard Time),,,"Next Action: We have to file a complete patent application with supportive data and requirements with the patent office before 19-July-2021 (internal due).Actual due: 19 January 2022
If you wish to file a PCT application or Foreign application for the same should be filed before 19-July-2021.",,,,,,,,Sun Nov 22 2020 02:41:45 GMT+0530 (India Standard Time),,,,,,,,,
64e2f17de93348920040e14a,A  system  for  implementation  of  doubly  cognitive  wireless  sensor  networks,No Description,US 3779/CHE/2011,MY269037,Prof. Rama Murthy Garimella,SUMIT KUMAR,,,Prof. Rama Murthy Garimella,,2011-03-01T21:11:45.368Z,India,"Granted on 25 6 2018. Filed with APTDC
Renewal fee upto 11th year paid in Oct 21. Renewal not paid further thus patent is abandon",Fri Nov 04 2011 02:41:45 GMT+0530 (India Standard Time),2011,649c1d44540ac7d09ed68adf,,,,,,"http://www.ipindiaservices.gov.in/publicsearch/ 
 Note: Put Application number and search",297998,,,2018,,,,,,,,,,,,,
64e2f17de93348920040e14b,Design of universal cognitive radio engine based hybrid communication systems,No Description,Indian 4383/CHE/2013,APTDC,GARIMELLA RAMA MURTHY,VISWANADH KONJETI,SRIKANTH MUNJULURI,,Prof. Rama Murthy Garimella,6492c94efb92b00e762615ca,2015-12-25T21:11:45.368Z,India,"Complete Indian filed on 27-Sept-2013
Application published on 25-Dec-2015
Reply to FER on 23 6 2020. 
Patent granted on 2022-11-30T21:11:45.368Z",Sat Sep 28 2013 02:41:45 GMT+0530 (India Standard Time),,649c1d44540ac7d09ed68adf,,,,,2013,,,,,1669842705368,,,,,,,,,,,,,
64e2f17de93348920040e14c,Method and apparatus for recognizing human emotion expressions based on speech signal,No Description,Indian 4854/CHE/2013,,"4774 | Pratibha Moogi ( 15.00 % ), Non SISO Inventor","P. Gangamohan ( 35.00 % ), Non SISO Inventor","Prof Yegnarayana ( 40.00 % ), Non SISO Inventor","Shri Vinay Ku3 Mittal ( 5.00 % ), Non SISO Inventor",Prof Yegnarayana ,,2015-03-01T21:11:45.368Z,India,Filing date - 2013-10-28T21:11:45.368Z Publication date - 08-05-2015,Tue Oct 29 2013 02:41:45 GMT+0530 (India Standard Time),2013,649c1d4c540ac7d09ed68ae3,,,,,,,,,,,Sudarsana Reddy Kadiri ( 5.00 % ),,,,,,,,,,,,
64e2f17de93348920040e14d,Method and device for detecting shout events in an audio signal,No Description,Indian 5730/CHE/2013,,"Pratibha Moogi ( 15.00 % ),  Non SISO Inventor","Prof Yegnarayana ( 40.00 % ),  Non SISO Inventor","Shri Vinay Ku3 Mittal (45.00 % ),",,Prof Yegnarayana,,2016-03-01T21:11:45.368Z,India,Filing date - 12-12-2013 Publication date - 24-06-2016 Grant date - 07-09-2021,Fri Dec 13 2013 02:41:45 GMT+0530 (India Standard Time),2013,649c1d44540ac7d09ed68adf,,,,,,,,,,2021,,,,,,,,,,,,,
64e2f17de93348920040e14e,System and method for monitoring and controlling power consumption in a local environment,No Description,Indian 201744029921,MY269003,Prof. Vishal Garg,Niranjan Reddy,Sam Babu Godithi,Richard E Brown,Prof. Vishal Garg,64e9c821c6a953392b0fc607,2018-03-01T21:11:45.368Z,India,Published on 02-3-2018,Thu Aug 24 2017 02:41:45 GMT+0530 (India Standard Time),,649c1d4c540ac7d09ed68ae3,2,,,,2017,Intellectual Property India (ipindiaservices.gov.in),,,,,Christian Kohler,Reshma Singh,,,,,,,,,,,
64e2f17de93348920040e14f,System and method for real time traffic management in single lane roads,No Description,Indian 201741046522,MY269004,Prof. Kamal Karlapalem,,,,Prof. Kamal Karlapalem,6492c7ddfb92b00e762615c2,2019-03-01T21:11:45.368Z,India,"Complete Indian filed
Application published on 28 6 2019

FER response filed on 12-5-2022",Tue Dec 26 2017 02:41:45 GMT+0530 (India Standard Time),2017,649c1d0b540ac7d09ed68adb,,Thu Sep 07 2017 02:41:45 GMT+0530 (India Standard Time),Wed Sep 13 2017 02:41:45 GMT+0530 (India Standard Time),,,"We have to file a request for examination (Form 18) with the patent office or before 21-November-2021.
https://ipindiaservices.gov.in/PublicSearch/PublicationSearch/PatentDetails",TEMP/E-1/47207/2017-CHE,,,,,,,,,43100,Tue Dec 26 2017 02:41:45 GMT+0530 (India Standard Time),,,,,,
64e2f17de93348920040e150,Instantaneous accident detection and notification system,No Description,Indian 3780/CHE/2011,APTDC,Prof. Rama Murthy Garimella,Mohammad Jalil Piran ,,,Prof. Rama Murthy Garimella,6492c94efb92b00e762615ca,2011-03-01T21:11:45.368Z,India,Filing date - 3 Nov 2011 Publication date - 18 Nov 2011 FIRST EXAMINATION REPORT DATE        30/03/2017 REPLY TO FER DATE	27/09/2017 Patent Granted on 23 6 2020,Mon Mar 02 2020 02:41:45 GMT+0530 (India Standard Time),2011,649c1d44540ac7d09ed68adf,,,,,,"http://www.ipindiaservices.gov.in/PublicSearch/PublicationSearch/PatentDetails

""http://www.ipindiaservices.gov.in/publicsearch/  
Note: Put Application number and search""

and

https://ipindiaservices.gov.in/PatentSearch/PatentSearch/ViewApplicationStatus",339145,,,2020,,,,,,,,,,,,,
64e2f17de93348920040e151,System and method for assessing binocular vision ability of a subject in virtual reality environment,No Description,Indian 201941012554,MY269025,Prof. Kavita Vemuri,Sai Srinivas Vuddagiri,Prof. Rishi Bhardwaj (University of Hyderabad),,Prof. Kavita Vemuri,6492cb9efb92b00e762615de,2020-03-01T21:11:45.368Z,India,"Filed on 29-3-19

Complete patent filed in India
Publication date - 2 Oct 2020

FER response filed on 3-Feb-23",Sun Mar 29 2020 02:41:45 GMT+0530 (India Standard Time),,64e9c226c6a953392b0fc4f1,1,,43396,,2020,File the request for an examination (Form 18) with IPO to examine the patent application before 29-3-2021.,,,,,,,,,"Approved for provisional in Oct 18
All doc for provisional submitted by 28 Feb 19",,Provisional filing done,,,,,,
64e2f17de93348920040e152,System and method for real-time blood pressure estimation using an adaptive window wavelet transform,No Description,Indian 201941024470,MY269027,Prof. Syed Azeemuddin,Muskan Singla,,,Prof. Syed Azeemuddin,6492ca93fb92b00e762615d6,2021-03-01T21:11:45.368Z,India,"Filed
Filing date :20-6-2019
Indian complete filed on 22 Apr 20
Application is published on 6-5-21
FER replied on 26 Sept 2022",Thu Apr 23 2020 02:41:45 GMT+0530 (India Standard Time),2020,64e9c226c6a953392b0fc4f1,1,,,,,,,,,,,,,,15 3 19 for indian provisional,,"12 4 revised draft
3 Jun revised draft
Provisional filing done",,,,,,
64e2f17de93348920040e153,System and method for detection of proteins using radio frequency based characterization of protein binding,No Description,Indian 202041020223,MY269026,Prof. Syed Azeemuddin,Prof. Tapan Sau,Prof. Prabhakar Bhimalapuram,Annesha Mazumder,Prof. Syed Azeemuddin,6492ca93fb92b00e762615d6,2021-03-01T21:11:45.368Z,India,"Complete Indian filed
Patent published on 24 Dec 2021
Form 18 filed on 17 5 22",Thu May 14 2020 02:41:45 GMT+0530 (India Standard Time),2020,649c1d4c540ac7d09ed68ae3,1,Fri Nov 19 2021 02:41:45 GMT+0530 (India Standard Time),Fri Dec 07 2018 02:41:45 GMT+0530 (India Standard Time),,,,,,Prof. Tapan Sau,,,,,,15 3 19 all details provided for provisional,,,,Prof. Prabhakar Bhimalapuram,,,,
64e2f17de93348920040e154,Pro-hysteretic switch,No Description,Indian 201941030471,MY269024,Prof. Syed Azeemuddin,,,,Prof. Syed Azeemuddin,6492ca93fb92b00e762615d6,2021-03-01T21:11:45.368Z,India,"Provisional Filing date : 29-July-2019
Complete Indian Application filed on 17-07-2020.
Application published on 2 5 2021. Publication no. 06/2021
FER filed on 23 Sept 22",Thu Jul 30 2020 02:41:45 GMT+0530 (India Standard Time),,64e9c226c6a953392b0fc4f1,,Wed Sep 26 2018 02:41:45 GMT+0530 (India Standard Time),,,2020,Not in Catalogue,,,,,,,,,"Dec 18 approved 
& few more details provided in Feb 19",,"3/21/2019
Revised draft on 15 6 19",,,,,,
64e2f17de93348920040e155,Low dropout regulator with improved transient response and load aware feedback resistance,No Description,Indian 202041037530,MY269042,Prof. Zia Abbas, Balaji Battu,,,Prof. Zia Abbas,6492ca93fb92b00e762615d6,2022-03-04T21:11:45.368Z,India,"Early publication Form-9 filed on 11 3 22
Filed request for an examination (Form 18) with IPO to examine the patent application on 28-3-22

Published on 4 3 2022
FER received on 18 Aug 22. Response filed on 17 feb 23",Tue Sep 01 2020 02:41:45 GMT+0530 (India Standard Time),,,2,Wed Feb 26 2020 02:41:45 GMT+0530 (India Standard Time),Wed Mar 18 2020 02:41:45 GMT+0530 (India Standard Time),,2020,Not in catalogue,,,,,,,,,,,Was on hold from Apr to 6 for no reason,,,,,,
64e2f17de93348920040e156,"Space-filling fractal curves for micro-heaters
",No Description,Indian 202041002238,MY269031,Prof. Aftab Hussain,Karnati Kumar Saichar,,,Prof. Aftab Hussain,6492ca93fb92b00e762615d6,2021-07-23T21:11:45.368Z,India,"Provisional Filed - 18.01.20
Complete indian filed - 18.01.2021
Filed request for an examination (Form 18) with IPO to examine the patent application on 20-Jan-22

Published on 23-July 2021",Tue Jan 19 2021 02:41:45 GMT+0530 (India Standard Time),2020,649c1d4c540ac7d09ed68ae3,1,Sat May 11 2019 02:41:45 GMT+0530 (India Standard Time),Thu May 30 2019 02:41:45 GMT+0530 (India Standard Time),Sun Jan 19 2020 02:41:45 GMT+0530 (India Standard Time),2021,,,,,,,,,,Sat Jun 29 2019 02:41:45 GMT+0530 (India Standard Time),,,,,,,,
64e2f17de93348920040e157,System and method for optical tracking of one or more players in a sports event,No Description,Indian 202041040579,MY269043,Prof. Vineet Gandhi,Swetanjal Dutta,,,Prof. Vineet Gandhi,6492c0f1e3ed360aa63c3f4d,,India,"6 August - Process started
25 Aug 2020 - 1st draft shared
14 Sept 2020 - Provisional Draft ready to file
18 Sept 2020 - Filed
18 Sept 2021 - Full Filed
FORM-18 request for examination filed on 26 Apr 22
Published but not shown on portal",Sun Sep 19 2021 02:41:45 GMT+0530 (India Standard Time),2021,649c1d0b540ac7d09ed68adb,1,No IDF,Search done earlier,,,,,,,,,,,,,,,,,,,,
64e2f17de93348920040e158,System and method for generating gaze mapping dataset and predicting gaze point on environment,No Description,Indian 202041052016,My269040,Prof. C V Jawahar,Isha Dua,Thrupthi Ann,,Prof. C V Jawahar,6492c0f1e3ed360aa63c3f4d,2022-03-18T21:11:45.368Z,India,"Filed on 30-Nov-20
Early publication Form-9 filed on 11 3 22
Filed request for an examination (Form 18) with IPO to examine the patent application on 28-3-22

Published on 18 3 22
FER received 25-Aug-22, response filed on 17 feb 23",Tue Nov 30 2021 02:41:45 GMT+0530 (India Standard Time),2020,649c1d4c540ac7d09ed68ae3,2,Thu Jul 23 2020 02:41:45 GMT+0530 (India Standard Time),,Tue Dec 01 2020 02:41:45 GMT+0530 (India Standard Time),2021,Not in catalogue,,,,,,,,,Wed Sep 02 2020 02:41:45 GMT+0530 (India Standard Time),,Filed on 2020-11-30T21:11:45.368Z,,,,,,
64e2f17de93348920040e159,System and method for quantifying performance of a user while performing physical activity,No Description,Indian 202141022334,MY269056,Prof. Aftab M. Hussain,Anis Fatema,,,Prof. Aftab Hussain,6492ca93fb92b00e762615d6,2022-07-08T21:11:45.368Z,India,"Institute funded
Provisional filed on 19-5-21
Indian filed on 19-5-22
FORM 9 & 18 Early publication filed on 6 July 22
Published 08-July-2022

Received FER on 17-Apr-2023. File response before 16-Oct-23",Fri May 20 2022 02:41:45 GMT+0530 (India Standard Time),2021,64e9c25dc6a953392b0fc4f7,1,Fri Apr 09 2021 02:41:45 GMT+0530 (India Standard Time),,,2022,,,,,,,,,,,,,,,,,,
64e2f17de93348920040e15a,System and method for detecting fall event using machine learning model in real-time,No Description,Indian 202241066354,MY269084,Prof. Abhishek Srivastava,Arpit Sahni,,,Prof. Abhishek Srivastava,6492c549fb92b00e7626159d,2023-01-27T21:11:45.368Z,India,"Filed direct complete Indian on 18-Nov-22. NO provisional
Published on 27-Jan-23
Received FER on 17-Feb-2023. Respond before 16-Aug-2023",Sat Nov 19 2022 02:41:45 GMT+0530 (India Standard Time),,649c1d0b540ac7d09ed68adb,2,,,,2022,,,Charge to Project - project KCP-Mission Parikshit,,,,,,,,,,,,,,,
64e2f17de93348920040e15b,System and method for charging electric vehicle using internet of things (iot) network,No Description,Indian 202141053183,MY269059,Prof. Aftab Hussain,Deeksha devendra,,,Prof. Aftab Hussain,6492ca93fb92b00e762615d6,2023-01-27T21:11:45.368Z,India,"Filed complete Indian on 18-Nov-22
Published on 27-Jan-23

Received FER on 15th Feb 23. Reply before 15 August 23",Sat Nov 19 2022 02:41:45 GMT+0530 (India Standard Time),2021,64e9c25dc6a953392b0fc4f7,1,Sat Apr 24 2021 02:41:45 GMT+0530 (India Standard Time),,Fri Nov 19 2021 02:41:45 GMT+0530 (India Standard Time),2022,not in catalogue,,,,,,,,,,,,,,,,,
64e2f17de93348920040e15c,Load test on single phase transformer,No Description,387844-001,MY2690104,Prof. Sachin Chaudhari,,,,,6492c94efb92b00e762615ca,2023-06-01T21:11:45.368Z,India,,Thu Jun 08 2023 02:41:45 GMT+0530 (India Standard Time),0,649c1d0b540ac7d09ed68adb,,,,,2023,,387844-001,,,,,,,,,,,,,[],,,
64e2f17de93348920040e15d,Multi-output differential system,No Description,Indian 201941049318,MY269035,Prof. Abhishek,Prof. Madhava Krishna,Rama Vadapalli,,Prof. Abhishek,6492c549fb92b00e7626159d,2021-06-04T21:11:45.368Z,India,"Provisional patent followed by
Complete India patent filed
Published on 04 6 2021

FER received on 25 6 22, replied in oct 22",Mon Feb 22 2021 02:41:45 GMT+0530 (India Standard Time),2020,649c1d4c540ac7d09ed68ae3,1,,,Sat Feb 22 2020 02:41:45 GMT+0530 (India Standard Time),2021,Not in catalogue,,, Prof. Madhava Krishna,,,,,,,,,,,,,,
64e2f17de93348920040e15e,System and method for generating a table-driven mutable blockchain,No Description,US 17971473,MY269048,Prof. Kamal Karlapalem,Suyash Kandele,,,Prof. Kamal Karlapalem,6492c7ddfb92b00e762615c2,,US,"Provisional filed on 21-Oct-21. Appln no. 202141048039
Filed on 21-Oct-22",Sat Oct 22 2022 02:41:45 GMT+0530 (India Standard Time),2022,649c1d0b540ac7d09ed68adb,1,Wed Sep 23 2020 02:41:45 GMT+0530 (India Standard Time),Wed Oct 07 2020 02:41:45 GMT+0530 (India Standard Time),Fri Oct 22 2021 02:41:45 GMT+0530 (India Standard Time),,Not in catalogue,,,,,,,,Thu Dec 24 2020 02:41:45 GMT+0530 (India Standard Time),,,,,,,,,
64e2f17de93348920040e15f,Telescopic differential screw mechanism based 3-dof-parallel manipulator platform to achieve omnidirectional bending,No Description,US 16254486,MY269008,Madhava Krishna,Akash Singh,Enna Sachdeva,Vinay Rodrigues,Prof. Madhava Krishna,6492c549fb92b00e7626159d,2019-03-01T21:11:45.368Z,US,"US Complete patent filed
Publication no. US 20190234499 A1
Published on 01-Aug-2019
US patent Grant date - 09-03-2021",Wed Jan 23 2019 02:41:45 GMT+0530 (India Standard Time),2019,649c1d44540ac7d09ed68adf,2,Mon Oct 23 2017 02:41:45 GMT+0530 (India Standard Time),Wed Nov 01 2017 02:41:45 GMT+0530 (India Standard Time),,,"https://patft.uspto.gov/netacgi/nph-Parser?Sect1=PTO2&Sect2=HITOFF&p=1&u=%2Fnetahtml%2FPTO%2Fsearch-bool.html&r=1&f=G&l=50&co1=AND&d=PTXT&s1=10941843.PN.&OS=PN/10941843&RS=PN/10941843

https://patentcenter.uspto.gov/applications/16254486",10941843,,,2021,,,,,,"35,000",,,,,,,
64e2f17de93348920040e160,System and method for generating derained image using self-supervised learning model,No Description,"US 18/138,060",MY269073,Prof. C.V. Jawahar,Shyam Nandan Rai,Rohit Saluja,Prof. Chetan Arora IIT-D,Prof. C.V. Jawahar,6492c0f1e3ed360aa63c3f4d,,US,Filed on 22-4-23,Sun Apr 23 2023 02:41:45 GMT+0530 (India Standard Time),2022,649c1d0b540ac7d09ed68adb,2,Tue Nov 16 2021 02:41:45 GMT+0530 (India Standard Time),Fri Nov 26 2021 02:41:45 GMT+0530 (India Standard Time),Sat Apr 23 2022 02:41:45 GMT+0530 (India Standard Time),2023,not in catalogue,202241023945,,,,Prof. Vinith N Balasubramanian IIT-H,,,,,,,,,,,,
64e2f17de93348920040e161,A pareto max flow based pollution mitigation strategy ,No Description,US 16724322,MY269018,Prof. Praveen Paruchuri,Sreeja Kamishetty,Soumya Vadlamannati,,Prof. Praveen Paruchari,6492c4411cebc5dfd258647b,2020-03-01T21:11:45.368Z,US,"Provisional filed on 22 Dec 2018 - 201841048754
US Application filed on 22 Dec 2019 - No:16724322
Publication number: US 2020-0200555 A1 on 25 6 2020
Issue date 1 Feb 2022",Mon Dec 23 2019 02:41:45 GMT+0530 (India Standard Time),2019,649c1d44540ac7d09ed68adf,2,Tue Jul 24 2018 02:41:45 GMT+0530 (India Standard Time),Sat Aug 25 2018 02:41:45 GMT+0530 (India Standard Time),,,"Link to patent published - US20200200555A1 - System and method for controlling vehicular pollution concentration and providing maximum traffic flow throughput - Google Patents

https://patentcenter.uspto.gov/applications/16724322",US 20200200555A1,,,2022,,,,,,,,,,,US 2020-0200555 A1,,
64e2f17de93348920040e162,System of visualizing and querying data using data-pearls,No Description,US 202041002814,MY269029,Prof. Kamal Karlapalem,Ayush Jain,Nahil Jain,Nikhil Gogate,Prof. Kamal Karlapalem,6492c7ddfb92b00e762615c2,2021-07-22T21:11:45.368Z,US,"Provisional Filed - 22 Jan 2020
Filed on 22 Jan-2021
Published on 22 July 2021 No. 2021-0224299 A1

Non-final Office action reponse filed on 28-Aug-22
Notice of allowance of patent on 14-Nov-22
Patent granted in 14-Feb-2023",Sat Jan 23 2021 02:41:45 GMT+0530 (India Standard Time),2020,649c1d4c540ac7d09ed68ae3,2,,,Thu Jan 23 2020 02:41:45 GMT+0530 (India Standard Time),2021,"https://patentcenter.uspto.gov/applications/17156405

Not in catalogue",US 11580140 B2,,,,,,,,"5/6/2019
4th 6 2019",,,,,,,,
64e2f17de93348920040e163,System and method for generating queryeable structured document from an unstructured document using machine learning,No Description,US 11507593,MY269019,Prof. Manish Shrivastava,Vishnu Ramesh,,,Prof. Manish Shrivastava,6492c28be3ed360aa63c3f59,2021-04-22T21:11:45.368Z,US,"Filed 201941042926 - 22 Oct 2019
Filed on 22 Oct 2020. US appln no. 17078005
Application Status: Published (Publication number: US 2021-0117438 A1)  on 22-04-2021
Issue fee paid in Sept 22

Date of Grant: 22-Nov-2022, Patent Number: 11,507,593",Fri Oct 23 2020 02:41:45 GMT+0530 (India Standard Time),2019,649c1d44540ac7d09ed68adf,,Sun Sep 02 2018 02:41:45 GMT+0530 (India Standard Time),Fri Oct 19 2018 02:41:45 GMT+0530 (India Standard Time),Wed Oct 23 2019 02:41:45 GMT+0530 (India Standard Time),2020,"US20210117438A1 - System and method for generating queryeable structured document from an unstructured document using machine learning - Google Patents

https://patentcenter.uspto.gov/applications/17078005",,,,,,,,,Approved when IDF submitted,,Provisional draft shared on 25 3 19,,,,,,
64e2f17de93348920040e164,System and method for retrieving and extracting security information from one or more computing devices,No Description,US 16421343,MY269013,Prof. Raghu Reddy,Prof. Vasudeva Varma,Lalit Mohan,,Prof. Raghu Reddy and Prof. Vasudeva Varma,6492c85efb92b00e762615c6,2019-11-28T21:11:45.368Z,US,"SIREN (Security Information Retrieval and Extraction engine)
Provisional - 5 23rd, 2018, 2018410119409
US complete - 2019-05-23T21:11:45.368Z, US16/421,343
published - 28 Nov 2019, US20190364068A1

Office action replied in 6 22
Issuance of patent allowed on 11 Juy 22
Issue fee paid on 26 Sept 22
Patent granted on 11 Oct 2022",Fri May 24 2019 02:41:45 GMT+0530 (India Standard Time),2018,649c1d44540ac7d09ed68adf,1,,"Received on 28Nov 17
Revised serach report on 6th Jan 18",Thu May 24 2018 02:41:45 GMT+0530 (India Standard Time),2019,Patent published link - https://patents.google.com/patent/US20190364068A1/en?oq=US20190364068A1,US20190364068A1,,,,,,,,,"43,100",,,,,,,
64e2f17de93348920040e165,System and method for analog design synthesis using analog cell component library based on ai/ml,No Description,US17483764,MY269041,"Prof. Zia Abbas, Koushik De",,,,Prof. Zia Abbas,6492ca93fb92b00e762615d6,,US,"22-9-2020 - Final Draft reviewed. Provisional filed on 23-Sept-20
US complete filed on 23-Sept-21
Published on 24 3 22 No.US 2022-0092246 A1",Fri Sep 24 2021 02:41:45 GMT+0530 (India Standard Time),2020,649c1d4c540ac7d09ed68ae3,1,Wed Feb 26 2020 02:41:45 GMT+0530 (India Standard Time),Wed Mar 18 2020 02:41:45 GMT+0530 (India Standard Time),Thu Sep 24 2020 02:41:45 GMT+0530 (India Standard Time),2021,Not in catalogue,,,,,,,,,,,27 4 to 19 July on holdfor no reason.1st provisional draft shared on 19 July,,,,,,
64e2f17de93348920040e166,System and method for classifying plant disorder based on a questionnaire that includes symptoms,No Description,Indian 202141012596,MY269047,Prof. P. Krishna Reddy,Narendra Babu Unnam,P. Revanth,A. Srinivas Reddy,Prof. P.K.Reddy,6492c7ddfb92b00e762615c2,2022-03-18T21:11:45.368Z,India,"Early publication Form-9 filed on 11 3 22
Filed request for an examination (Form 18) with IPO to examine the patent application on 28-3-22
Cost for Crop Darpan 
implementation project-Phase II

Published on 18 3 2022
FER received on 30-Aug-22. FER replied on 12022-12-09T21:11:45.368Z",Wed Mar 24 2021 02:41:45 GMT+0530 (India Standard Time),2021,64e9c226c6a953392b0fc4f1,3,Tue Sep 22 2020 02:41:45 GMT+0530 (India Standard Time),,,,"Next Action:  We have to file the request for an examination (Form 18) with IPO to examine the patent application before 23-3-2023 (internal due).  
If you wish to file a PCT application or Foreign application like the US, UK, EP for the same should be filed before 23-September-2021 (internal due).
Actual due: 23 3 2022",,,,,,,,Wed Jan 27 2021 02:41:45 GMT+0530 (India Standard Time),Wed Dec 09 2020 02:41:45 GMT+0530 (India Standard Time),,,,,,,,
64e2f17de93348920040e167,System and method for identifying atypical events and generating an alert using deep learning model,No Description,"202141033193
US 17871901",MY269061,Prof. Ravi Kiran Sarvadevabhatla,,,,Prof. Ravi Kiran Sarvadevabhatla,6492c0f1e3ed360aa63c3f4d,,US,"Provisional filed on 23-July 21
US application filed on 23-July-22
Published",Sun Jul 24 2022 02:41:45 GMT+0530 (India Standard Time),2022,649c1d0b540ac7d09ed68adb,,"15-04-2021 -Paper
27-05-2021 - IDF",Sat Jun 05 2021 02:41:45 GMT+0530 (India Standard Time),,,Not in catalogue,,,,,,,,,,,,,,,,,
64e2f17de93348920040e168,Constant reference voltage/current generating circuit,No Description,Indian 202141054622,MY269066,Prof. Zia Abbas,Abhishek Pullela,Ashfakh Ali,Arpan Jain,Prof. Zia Abbas,6492ca93fb92b00e762615d6,2022-05-27T21:11:45.368Z,India,"Form 9 and 18 filed in 5 22.
Published on 27-5-2022

Received FER 27-Oct-22
FER response filed on 24-4-2023",Fri Nov 26 2021 02:41:45 GMT+0530 (India Standard Time),,649c1d4c540ac7d09ed68ae3,3,,Fri Aug 27 2021 02:41:45 GMT+0530 (India Standard Time),,2021,not in catalogue,,,,0,,,,,,,,,,,,,
64e2f17de93348920040e169,System and method for generating a limitless path in virtual reality environment for continuous locomotion,No Description,"202141023773
US 17827664",MY269058,Prof. Raghu Reddy,Raghav Mittal,Sai Annirudh,,Prof. Raghu Reddy,6492c85efb92b00e762615c6,2022-12-01T21:11:45.368Z,US,"Provisional filed on 2021-05-28T21:11:45.368Z
Filed on 28-5-22. US 17827664
Published 01-Dec-2022
NFR received on 16-Nov-22.Reply filed on 08-Feb-23
Notice of allowance given on 6th 3 2023
Grant date 27-6-2023",Sun May 29 2022 02:41:45 GMT+0530 (India Standard Time),2021,649c1d44540ac7d09ed68adf,1,Tue Apr 13 2021 02:41:45 GMT+0530 (India Standard Time),Tue Apr 20 2021 02:41:45 GMT+0530 (India Standard Time),Sat May 29 2021 02:41:45 GMT+0530 (India Standard Time),2022,,US 11687154 B2,,,,,,,Thu May 13 2021 02:41:45 GMT+0530 (India Standard Time),Fri Apr 23 2021 02:41:45 GMT+0530 (India Standard Time),,,,,,,,
64e2f17de93348920040e16a,"Proportional to absolute temperature (ptat) voltage generating circuit for generating a ptat voltage and acts as a temperature sensor
",No Description,US 18115649,MY269076,Prof. Zia Abbas,Abhishek Pullela,Ashfakh Ali,Arpan Jain,Zia Abbas,6492ca93fb92b00e762615d6,,US,,Wed Mar 01 2023 02:41:45 GMT+0530 (India Standard Time),2023,649c1d0b540ac7d09ed68adb,0,,,Tue Mar 01 2022 02:41:45 GMT+0530 (India Standard Time),,Not in catalogue,202241010862,,,,,,,,,,,,,,,,
64e2f17de93348920040e16b,"System and method for better utilization of power consumption in blockchain system by validating digital currency transactions with minimal computing resources
",No Description,US 18115693,MY269071,Prof. Sujit Gujar,YASH CHAURASIA,Visvesh Subramanian,,Prof. Sujit Gujar,6492c4411cebc5dfd258647b,,US,,Wed Mar 01 2023 02:41:45 GMT+0530 (India Standard Time),2023,649c1d0b540ac7d09ed68adb,2,,Mon Nov 29 2021 02:41:45 GMT+0530 (India Standard Time),Tue Mar 01 2022 02:41:45 GMT+0530 (India Standard Time),,"publication: https://ieeexplore.ieee.org/document/9680581.
Date of Conference: 06-08 December 2021
Date Added to IEEE Xplore: 24 January 2022",202241010861,,,,,,,,,,,,,,,,
64e2f17de93348920040e16c,Portable air quality and traffic monitoring device,No Description,Indian 202241004682,MY269067,Prof. Sachin Chaudhari,Ishan Patwardhan,,,Prof. Sachin Chaudhari,6492c94efb92b00e762615ca,2022-03-18T21:11:45.368Z,India,"Early publication Form-9 filed on 11 3 22
Filed request for an examination (Form 18) with IPO to examine the patent application on 28-3-22

Published on 18 3 22

Received FER on 8 Aug 22, reponse filed on 22-Dec-22",Sat Jan 29 2022 02:41:45 GMT+0530 (India Standard Time),2022,649c1d4c540ac7d09ed68ae3,1,,,,,,,,,,,,,,,,,,,,,,
64e2f17de93348920040e16d,"System and method for target node localization using low
power and long-range wan",No Description,Indian 202141034263,MY269057,Aftab M. Hussain,Ruthwik Muppala,,,Prof. Aftab Hussain,6492ca93fb92b00e762615d6,2022-08-26T21:11:45.368Z,India,"Provisional filed on 29 July 21. Complete Indian filed on 29 July 22.

Filed the Publication request (Form 9) and Examination request (Form 18) with the IPO on 23-Aug-22
Published 26-Aug-22

Reply to FER on 16 5 2023",Sat Jul 30 2022 02:41:45 GMT+0530 (India Standard Time),2021,64e9c226c6a953392b0fc4f1,1,Fri Apr 09 2021 02:41:45 GMT+0530 (India Standard Time),Thu Apr 15 2021 02:41:45 GMT+0530 (India Standard Time),Fri Jul 30 2021 02:41:45 GMT+0530 (India Standard Time),2022,Not in catalogue,,,,,,,,,Fri May 21 2021 02:41:45 GMT+0530 (India Standard Time),,,,,,,,
64e2f17de93348920040e16e,Proteresis-hysteresis switch based physical unclonable function (puf) circuit and a puf system,No Description,Indian 202141049742,MY269069,"Prof. Syed Azeemuddin, Salma Khan",,,,Prof. Syed Azeemuddin,6492ca93fb92b00e762615d6,2022-03-18T21:11:45.368Z,India,"Early publication Form-9 filed on 11 3 22
Filed request for an examination (Form 18) with IPO to examine the patent application on 28-3-22

Published on 18 3 22
FER received on 14-Sep-22, respond before 07 3 23

FER response filed on 3-3 23",Sat Oct 30 2021 02:41:45 GMT+0530 (India Standard Time),,64e9c226c6a953392b0fc4f1,1,,,,2021,,,,,,,,,,,,,,,,,,
64e2f17de93348920040e16f,System and method for evaluating and facilitating customized guidelines using usability code pattern analysis,No Description,US 16587007,MY269005,Prof. Raghu Reddy,Neeraj  Mathur,Sai Anirudh,,Prof. Raghu Reddy ,6492c85efb92b00e762615c6,2020-03-01T21:11:45.368Z,US,"Provisional filed on 29 Sept 2018
Complete US filed on 29 Sept 19
Patent published on US 2020-0104235 A1 on 2 4 2020
NOA on 26-07-21
Issue fee paid on 15 Sept 21 for grant of patent
Issue date 12 Oct 2021
Patent No. 11,144,430",Mon Sep 30 2019 02:41:45 GMT+0530 (India Standard Time),2019,649c1d44540ac7d09ed68adf,2,Paper received on 8 September 17,Received on 9 Nov 17,,,"https://patft.uspto.gov/netacgi/nph-Parser?Sect1=PTO2&Sect2=HITOFF&p=1&u=%2Fnetahtml%2FPTO%2Fsearch-bool.html&r=2&f=G&l=50&co1=AND&d=PTXT&s1=%22International+Institute+of+Information+Technology+Hyderabad%22.AANM.&OS=AANM/%22International+Institute+of+Information+Technology+Hyderabad%22&RS=AANM/%22International+Institute+of+Information+Technology+Hyderabad%22

https://patentcenter.uspto.gov/applications/16587007",,,,2021,,,,,,35000,Thu Feb 15 2018 02:41:45 GMT+0530 (India Standard Time),,,,,,
64e2f17de93348920040e170,Multidirectional locomotive module with omnidirectional bending,No Description,US 16118658,MY269009,Madhava Krishna,Akash Singh,Enna Sachdeva,Vinay Rodrigues,Prof. Madhav Krishna,6492c549fb92b00e7626159d,2020-03-01T21:11:45.368Z,US,Publised on 05-3-2020 Publication number US -20200070338 A1 US Complete patent grant date - 10-11-2020,Sat Sep 01 2018 02:41:45 GMT+0530 (India Standard Time),2018,649c1d44540ac7d09ed68adf,2,IDF received on 22 Oct 17,Filing for US patent,,,"Link for patent - https://patft.uspto.gov/netacgi/nph-Parser?Sect1=PTO2&Sect2=HITOFF&p=1&u=%2Fnetahtml%2FPTO%2Fsearch-bool.html&r=1&f=G&l=50&co1=AND&d=PTXT&s1=10828772.PN.&OS=PN/10828772&RS=PN/10828772

https://patentcenter.uspto.gov/applications/16118658",10828772,,,2020,,,,,,"1,63,781",,,,,,,
64e2f17de93348920040e171,System and method for automatically generating split screen for a video of a dynamic scene,No Description,"US15/832,217",MY269002,Prof. Vineet Gandhi,Moneish Kumar,"Ronfard; Remi Pierre (Grenoble,France)","Gleicher; Michael Lee (Madison, WI)",Prof. Vineet Gandhi,6492c0f1e3ed360aa63c3f4d,2018-03-01T21:11:45.368Z,US ,"Publicaton date - Jun 7, 2018
Publication no.US 20180160054 A1
Filed - 2017-12-05T21:11:45.368Z
Granted on September 25, 2018",Wed Dec 06 2017 02:41:45 GMT+0530 (India Standard Time),2017,649c1d44540ac7d09ed68adf,1,Received IDF,2017,Tue Dec 06 2016 02:41:45 GMT+0530 (India Standard Time),0,https://patft.uspto.gov/netacgi/nph-Parser?Sect1=PTO2&Sect2=HITOFF&p=1&u=%2Fnetahtml%2FPTO%2Fsearch-bool.html&r=1&f=G&l=50&co1=AND&d=PTXT&s1=15832217&OS=15832217&RS=15832217,US10084970B2,,,2018,,,,,,27000 + 150173,,,,,,,
64e2f17de93348920040e172,System and method for reducing data transmission in an iot network ,No Description,Indian 202041019320,MY269036,Prof. Sachin Chaudhari,Adarsh Pal Singh,,,Prof. Sachin Chaudhari,6492c94efb92b00e762615ca,2021-11-12T21:11:45.368Z,India,Complete India filing. Published on 12 Nov 21. FER response filed on 9th Feb 2023,Sat Jun 06 2020 02:41:45 GMT+0530 (India Standard Time),,64e9c226c6a953392b0fc4f1,1,Thu Sep 05 2019 02:41:45 GMT+0530 (India Standard Time),,,2020,,,,,,,,,,,,,,,,,,
64e2f17de93348920040e173,"System and method for detecting and tracking objects at long range using deep learning model
",No Description,Indian 202244039550,MY269060A,Prof. Ravi Kiran Sarvadevabhatla,,,,Prof. Ravi Kiran Sarvadevabhatla,6492c0f1e3ed360aa63c3f4d,2022-09-23T21:11:45.368Z,India,"Published on 23-09-2022
FER received on 9-12-22. 
FER response filed on 7-6-2023",Sun Jul 10 2022 02:41:45 GMT+0530 (India Standard Time),,64e9c226c6a953392b0fc4f1,,,,,2022,Not in catalogue,,,,,,,,,,,,,,,,,
64e2f17de93348920040e174,System and method for detecting and tracking objects at midrange using deep learning model,No Description,Indian 202244039549,MY269060B,Prof. Ravi Kiran Sarvadevabhatla,,,,Prof. Ravi Kiran Sarvadevabhatla,6492c0f1e3ed360aa63c3f4d,2022-09-23T21:11:45.368Z,India,"Published on 23-09-2022
FER received on 9-12-22. 
FER response filed on 7-6-2023",Sun Jul 10 2022 02:41:45 GMT+0530 (India Standard Time),,64e9c226c6a953392b0fc4f1,,,,,2022,Not in catalogue,,,,,,,,,,,,,,,,,
64e2f17de93348920040e175,System and method for classifying and generating semantic masks for components,No Description,Indian 202244039548,MY269060C,Prof. Ravi Kiran Sarvadevabhatla,,,,Prof. Ravi Kiran Sarvadevabhatla,6492c0f1e3ed360aa63c3f4d,2022-09-23T21:11:45.368Z,India,"Published on 23-09-2022
FER recived on 19-12-22. Reply before 18-6-23",Sun Jul 10 2022 02:41:45 GMT+0530 (India Standard Time),,64e9c226c6a953392b0fc4f1,,,,,2022,Not in catalogue,,,,,,,,,,,,,,,,,
64e2f17de93348920040e176,System and method for monitoring water-level in a borewell using lorawan,No Description,Indian 202241024838,MY269080,Prof. Sachin Chaudhari,Aishwaryabharathi Upadhyayula,Thomas David Tency Lora WAN,Tanmay Bhatt,Prof. Sachin Chaudhari,6492c94efb92b00e762615ca,,India,"We have to file a complete patent application before 27-October-2022 (Internal due).

Actual due: 27-4-2023",POSt dated for 6 months till Sept 23,2022,649c1d0b540ac7d09ed68adb,1,Thu Mar 24 2022 02:41:45 GMT+0530 (India Standard Time),Thu Mar 31 2022 02:41:45 GMT+0530 (India Standard Time),Thu Apr 28 2022 02:41:45 GMT+0530 (India Standard Time),,not in catalogue,,,,,,,,,Tue Apr 19 2022 02:41:45 GMT+0530 (India Standard Time),,,,,,,,
64e2f17de93348920040e177,Proof of work based block chain system with alternate layers of parallel blocks followed by a single block,No Description,Indian 202241043386,MY269077,Prof. Sujit Gujar,Prof. Kannan Srinathan,Anurag Jain,,Prof. Sujit Gujar,6492c4411cebc5dfd258647b,,India,,,2022,649c1d0b540ac7d09ed68adb,1,Sat Mar 05 2022 02:41:45 GMT+0530 (India Standard Time),Fri Mar 18 2022 02:41:45 GMT+0530 (India Standard Time),Fri Jul 29 2022 02:41:45 GMT+0530 (India Standard Time),,Not in catalogue,,,Prof. Kanan Srinathan,,,,,,,,,,,,,,
64e2f17de93348920040e178,System and method for automatically tracking water level in a borewellusing iot,No Description,Indian 202241055442,MY269085,Prof. Sachin Chaudhari ,Tanmay Bhatt,Ritik Yelekar,Thomas David Tency,Prof. Sachin Chaudhari,6492c94efb92b00e762615ca,,India,,,,,3,Fri Aug 05 2022 02:41:45 GMT+0530 (India Standard Time),Tue Aug 16 2022 02:41:45 GMT+0530 (India Standard Time),Wed Sep 28 2022 02:41:45 GMT+0530 (India Standard Time),,not in catalogue,,,,,,,,Fri Sep 09 2022 02:41:45 GMT+0530 (India Standard Time),,,,,,,,,
64e2f17de93348920040e179,"System and method automatically aligning soundtracks with books using movie adaptation technique
",No Description,Indian 202241069044,MY269088,Prof. Vinoo Alluri,Jaidev Shriram,Makarand Tapaswi,,Prof. Vinoo Alluri,6492cb9efb92b00e762615de,,India,Filed - 30 Nov 22. 202241069044,,,649c1d0b540ac7d09ed68adb,,,,Thu Dec 01 2022 02:41:45 GMT+0530 (India Standard Time),,,,,,,,,,,,,,,,,,,
64e2f17de93348920040e17a,System and method for securing a proof of work-based blockchain using a game theory,No Description,Indian 202341001018,MY269090,Prof. Sujit Gujar,Varul Srivastava,,,Prof. Sujit Gujar,6492c4411cebc5dfd258647b,,India,,,2023,649c1d0b540ac7d09ed68adb,1,Fri Sep 16 2022 02:41:45 GMT+0530 (India Standard Time),Thu Sep 22 2022 02:41:45 GMT+0530 (India Standard Time),Fri Jan 06 2023 02:41:45 GMT+0530 (India Standard Time),,"Patentability search Charge to MEity UBS. PI is Prof. Kishore
Not in catalogue",,Charge to MEity UBS. PI is Prof. Kishore,,0,,,,,,,,,,,,,
64e2f17de93348920040e17b, A portable system for pneumonia detection using simultaneous measurement of vitals and artificial intelligence capabilities,No Description,Indian 202341044162,MY269092,Prof. Abhishek Srivastava,Prof. Kavita Vemuri,Prof. Anshu Sarje,Bhaswar Ghosh,"Prof. Abhishek Srivastava

",6492ca93fb92b00e762615d6,,India,,,2023,649c1d0b540ac7d09ed68adb,,Sun Oct 23 2022 02:41:45 GMT+0530 (India Standard Time),Wed Nov 09 2022 02:41:45 GMT+0530 (India Standard Time),Sat Jul 01 2023 02:41:45 GMT+0530 (India Standard Time),,,,Charge to Project - project KCP-Mission Parikshit,,,Arpit Sahani,,,,,,,,,,,,
64e2f17de93348920040e17c,System and method for determining surface parameterization of 3d objects using self-supervised deep learning models,No Description,Indian 202241071267,MY269093,Prof. Avinash Sharma,Chandradeep Pokhariya,Shanthika Naik,Astitva Srivastava,Prof. Avinash Sharma,6492c0f1e3ed360aa63c3f4d,,India,,,2022,649c1d0b540ac7d09ed68adb,3,Sat Nov 05 2022 02:41:45 GMT+0530 (India Standard Time),,Sat Dec 10 2022 02:41:45 GMT+0530 (India Standard Time),,Not in catalogue,,,,,,,,,,,,,,,,,
64e2f17de93348920040e17e,Borewell tension based device,No Description,383622-001,MY269095,Prof. Sachin Chaudhari,Thomas David Tency,Tan5 Himanshu Bhatt,Ritik Yelekar,,6492c94efb92b00e762615ca,,,,,,649c1d0b540ac7d09ed68adb,,,,,0,,383622-001,,,0,,,,,,,,,,[],,,
64e2f17de93348920040e17f,Smart analog smart retrofit for analog water meter,No Description,383623-001,MY269096,Prof. Sachin Chaudhari,Nilesh Bawankar,Ayush Kumar Dwivedi,,,6492c94efb92b00e762615ca,,,,,,649c1d44540ac7d09ed68adf,,,,,,,383623-001,,,,,,,,,,,,,[],,,
64e2f17de93348920040e180,Air quality monitoring device,No Description,383624-001,MY269097,Prof. Sachin Chaudhari,Ayu Par3,Ayush Ku3 Dwivedi,,,6492c94efb92b00e762615ca,,,,,,649c1d0b540ac7d09ed68adb,,,,,,,383624-001,,,0,,,,,,,,,,[],,,
64e2f17de93348920040e181,System and method for detecting and tracking multiple objects in environment with phase-based target locking,No Description,Indian 202141031001,MY269060,Prof. Ravi Kiran Sarvadevabhatla,,,,Prof. Ravi Kiran Sarvadevabhatla,6492c0f1e3ed360aa63c3f4d,,India,,,2021,649c1d0b540ac7d09ed68adb,,Wed Apr 28 2021 02:41:45 GMT+0530 (India Standard Time),,Sat Jul 10 2021 02:41:45 GMT+0530 (India Standard Time),,,,,,,,,,Thu May 20 2021 02:41:45 GMT+0530 (India Standard Time),,,,,,,,,
64e98f603264a116dc4ccb1b,A portable system for pneumonia detection using simultaneous measurement of vitals and artificial intelligence capabilities,No Description,Indian 202341044162,MY269092,Prof. Abhishek Srivastava,Prof. Kavita Vemuri,Prof. Anshu Sarje,Bhaswar Ghosh,Prof. Abhishek Srivastava,6492cb9efb92b00e762615de,,India,,,2023,649c1d0b540ac7d09ed68adb,,2022-10-22T21:11:45.368Z,2022-11-08T21:11:45.368Z,2023-06-30T21:11:45.368Z,,,,Charge to Project - project KCP-Mission Parikshit,,,Arpit Sahani,,,,,,,,,,,,0